ffopt_energy_init,ffopt_energy_final,ffopt_success,ffopt_reason
104.6310567347379,81.59621283590069,True,
98.3267934447231,53.797617443018964,True,
