hba_lipinski,hbd_lipinski,num_rings,ring_sizes,num_atoms,num_het_atoms,mol_width,npr1,npr2,sa,murcko,alogp,hba,hbd,rotb,arom,psa,mw,qed,e6,e7,e8,e9,e15,e16,e17,e35,e53
6,5,3,"[5, 5, 5]",21,6,13.54172769664196,0.10006038423942408,0.9569375984937349,0.6,O=C(C1CC2CCCC2N1)N1CCCC1,-1.0980999999999979,,4,3,,98.82000000000001,297.39900000000006,,15,3,3,0,0,0,0,0,0
4,4,2,"[6, 6]",23,4,12.25235800366607,0.18532594712345596,0.9070904253525105,0.75,c1ccc(CCc2ccccc2)cc1,3.3043000000000013,,3,7,,75.71000000000001,315.413,,19,1,3,0,0,0,0,0,0
5,5,3,"[5, 5, 5]",25,5,12.934918635615768,0.19847538665492132,0.9727738645100306,0.53,C1CCC(CC2CC3CCCC3C2)C1,1.5465999999999984,,4,6,,89.95,354.53500000000014,,20,2,3,0,0,0,0,0,0
6,6,2,"[5, 5]",23,6,11.987628856867405,0.1553908096717257,0.9477854176376733,0.56,C1CCC(CC2CCNC2)C1,-0.11549999999999855,,5,7,,110.18,330.46900000000016,,17,2,4,0,0,0,0,0,0
