ffopt_energy_init,ffopt_energy_final,ffopt_success,ffopt_reason
48.202487443906804,27.774982495522885,True,
96.02284901171295,59.43702184961369,True,
