hba_lipinski,hbd_lipinski,num_rings,ring_sizes,num_atoms,num_het_atoms,mol_width,npr1,npr2,sa,murcko,alogp,hba,hbd,rotb,arom,psa,mw,qed,e6,e7,e8,e9,e15,e16,e17,e35,e53
5,3,2,"[6, 5]",22,5,10.97204955375248,0.3154459823842619,0.8131214884928344,0.66,c1ccc(CCC2CCCC2)cc1,2.3291000000000004,,3,7,,73.16000000000001,309.4060000000001,,17,1,4,0,0,0,0,0,0
3,2,2,"[6, 6]",23,4,12.262377189599086,0.182456989186699,0.9095665410168283,0.77,c1ccc(CCc2ccccc2)cc1,3.7714000000000016,,2,7,,49.69,318.38800000000003,,19,0,3,1,0,0,0,0,0
3,4,1,[6],18,3,11.16938178906962,0.1529335506579101,0.9870683244527382,0.62,C1CCCCC1,2.2996,,3,5,,66.48,257.41799999999995,,15,1,2,0,0,0,0,0,0
7,7,1,[5],20,8,11.70295009046864,0.11387685474355771,0.9823732794626883,0.55,C1CCCC1,0.5047000000000006,,7,7,,125.21000000000001,312.4320000000001,,12,2,5,0,0,1,0,0,0
