ffopt_energy_init,ffopt_energy_final,ffopt_success,ffopt_reason
34.33827453026362,3.9985010060087074,True,
18.99943337182598,-3.8983111639350057,True,
