hba_lipinski,hbd_lipinski,num_rings,ring_sizes,num_atoms,num_het_atoms,mol_width,npr1,npr2,sa,murcko,alogp,hba,hbd,rotb,arom,psa,mw,qed,e6,e7,e8,e9,e15,e16,e17,e35,e53
6,4,2,"[6, 5]",22,6,10.090513791675821,0.3578815169925523,0.8005654870597086,0.66,c1ccc(CCC2CCNC2)cc1,0.9687999999999994,,4,7,,99.02000000000001,309.362,,16,1,5,0,0,0,0,0,0
5,4,2,"[6, 5]",22,5,11.334953577761137,0.2582303769001637,0.9015682310970532,0.65,c1ccc(CCC2CCNC2)cc1,1.5544999999999998,,4,7,,75.96000000000001,308.4219999999999,,17,2,3,0,0,0,0,0,0
4,4,2,"[6, 5]",20,4,11.47551038472799,0.22954079225064486,0.8799200411660297,0.7,c1ccc(CCC2CCCC2)cc1,1.7448,,3,6,,75.71000000000001,279.38,,16,1,3,0,0,0,0,0,0
4,2,2,"[6, 5]",20,4,11.292284396436354,0.2390417285496466,0.8780216132922894,0.76,c1ccc(CCC2CCCC2)cc1,2.493400000000001,,2,6,,66.76,278.348,,16,0,4,0,0,0,0,0,0
