ffopt_energy_init,ffopt_energy_final,ffopt_success,ffopt_reason
69.45104535668021,44.34257902966366,True,
63.63629832870782,46.41224237341472,True,
