hba_lipinski,hbd_lipinski,num_rings,ring_sizes,num_atoms,num_het_atoms,mol_width,npr1,npr2,sa,murcko,alogp,hba,hbd,rotb,arom,psa,mw,qed,e6,e7,e8,e9,e15,e16,e17,e35,e53
6,4,2,"[6, 5]",22,6,11.074673583903053,0.3065603417015602,0.8197852710796762,0.61,c1ccc(CCC2CCNC2)cc1,1.0959999999999996,,4,7,,85.19000000000001,310.39399999999995,,16,2,4,0,0,0,0,0,0
3,2,2,"[6, 5]",20,3,11.46668165468982,0.24142460606988317,0.8825000500065393,0.72,c1ccc(CCC2CCCC2)cc1,2.8485000000000014,,2,6,,49.69,278.39199999999994,,17,0,3,0,0,0,0,0,0
4,2,2,"[5, 6]",21,5,12.408710919753107,0.14743754867655123,0.9491695839793041,0.65,c1ccc(CCC2CCNC2)cc1,2.1952,,2,7,,50.72,297.37,,16,1,3,1,0,0,0,0,0
3,2,2,"[6, 6]",23,4,12.26234689160277,0.182456465952102,0.9095672364435488,0.77,c1ccc(CCc2ccccc2)cc1,3.7714000000000025,,2,7,,49.69,318.38800000000003,,19,0,3,1,0,0,0,0,0
