ffopt_energy_init,ffopt_energy_final,ffopt_success,ffopt_reason
33.623943245555864,3.99850100600416,True,
73.04959518100534,57.18244123733969,True,
