hba_lipinski,hbd_lipinski,num_rings,ring_sizes,num_atoms,num_het_atoms,mol_width,npr1,npr2,sa,murcko,alogp,hba,hbd,rotb,arom,psa,mw,qed,e6,e7,e8,e9,e15,e16,e17,e35,e53
5,3,2,"[6, 5]",21,5,10.267871797992024,0.3410020004749851,0.8223455512889586,0.66,c1ccc(CCC2CCNC2)cc1,1.2792000000000001,,3,7,,70.95,295.3790000000001,,16,1,4,0,0,0,0,0,0
6,4,2,"[5, 6]",22,6,11.074681077575102,0.30656086992843956,0.8197881685649713,0.61,c1ccc(CCC2CCNC2)cc1,1.0959999999999999,,4,7,,85.19,310.394,,16,2,4,0,0,0,0,0,0
4,4,2,"[6, 5]",20,4,11.475460990304486,0.2295438620367832,0.8799190549611908,0.7,c1ccc(CCC2CCCC2)cc1,1.7448000000000001,,3,6,,75.71000000000001,279.38,,16,1,3,0,0,0,0,0,0
3,2,2,"[6, 5]",20,3,11.466661367634435,0.2414222973083847,0.8824969092606796,0.72,c1ccc(CCC2CCCC2)cc1,2.8485000000000014,,2,6,,49.69,278.392,,17,0,3,0,0,0,0,0,0
